Version,Description,Component,Files_Modified,Lines_Added,Lines_Removed,Patch_Type
2.6.1,[PATCH] ext3: bd_claim for journal device,super,1,8,0,Reliability
2.6.1,[PATCH] Fix ext3 space accounting bug on ENOSPC,balloc,1,1,1,Bug
2.6.2,[PATCH] ext3: s_next_generation fixes,"inode,super",3,8,2,Bug
2.6.2,[PATCH] ext3: fix determination of inode journaling mode,other,1,14,3,Bug
2.6.2,[PATCH] ext3: update a_ops when running `chattr +j',xattr,1,1,0,Bug
2.6.3,[PATCH] ext2/3: incorrect increment of i_blocks when keeping the same xattr block,xattr,1,17,17,Bug
2.6.4,[PATCH] ext3: fix scheduling-in-spinlock bug,balloc,1,4,3,Bug
2.6.4,[PATCH] d_alloc_root() fixes: ext3,super,1,12,10,Bug
2.6.4,[PATCH] ext2/ext3 -ENOSPC bug,inode,1,2,2,Bug
2.6.5,[PATCH] Remove arbitrary #acl entries limits on ext[23] when reading,xattr,1,12,10,Bug
2.6.5,[PATCH] ext2&3: use the right i_flags in find_group_orlov(),inode,1,1,1,Bug
2.6.6,[PATCH] ext3 fsync() and fdatasync() speedup,file,4,65,18,Performance
2.6.6,"[PATCH] Add commit=0 to ext3, meaning ""set commit to default""",super,3,10,1,Feature
2.6.6,[PATCH] ext3fs sb= mount option fix,super,1,4,1,Bug
2.6.6,[PATCH] Fix ext3 add_nondir d_instantiate(),dir,1,3,5,Bug
2.6.6,[PATCH] ext3: journalled quotas,"inode,dir,super",12,768,261,Feature
2.6.6,[PATCH] Minor fixes for ext3 journalled quotas,super,1,10,2,Bug
2.6.7,[PATCH] Fix deadlock in journalled quota,super,3,44,2,Bug
2.6.7,[PATCH] Fix ext3 bogus ENOSPC,inode,1,15,2,Bug
2.6.7,[PATCH] ext3 error handling fixes,dir,1,22,13,Bug
2.6.7,[PATCH] use-before-uninitialized value in ext3(2)_find_ goal,inode,1,1,0,Performance
2.6.7,[PATCH] ext3: remove duplicated ext3_std_error() call,misc->code,0,0,0,Maintenance
2.6.7,[PATCH] fix possible NULL pointer in fs/ext3/super.c.,super,1,1,0,Bug
2.6.7,[PATCH] ext3_orphan_del may double-decrement bh->b_count,dir,1,0,2,Bug
2.6.7,[PATCH] ext3: htree rename fix,dir,1,9,5,Bug
2.6.7,[PATCH] ext3: journal_flush() needs journal_lock_updates(),super,1,5,1,Bug
2.6.8,[PATCH] Ext3: Retry allocation after transaction commit (v2),"xattr,balloc,inode,dir",8,107,27,Bug
2.6.8,[PATCH] ext3: htree readdir fix,dir,1,2,0,Bug
2.6.8,[PATCH] ext3: direct-io transaction extending fix,inode,1,22,6,Bug
2.6.9,[PATCH] ext3 barrier support,super,4,55,9,Feature
2.6.9,[PATCH] vprintk for ext3 errors,misc->code,0,0,0,Maintenance
2.6.9,[PATCH] ext3 documentation,misc->doc,0,0,0,Maintenance
2.6.9,[PATCH] ext3 dreference of sb preceeds check.,inode,1,2,1,Bug
2.6.9,[PATCH] fix for fsync ignoring writing errors,inode,1,5,5,Bug
2.6.9,[PATCH] ext3 endianness annotations and bugfixes,"balloc,inode,dir,super,xattr",10,145,145,Reliability
2.6.9,[PATCH] ext3: journalled data fsync fix,file,1,0,4,Bug
2.6.9,[PATCH] ext3 direct io assert fix,inode,1,6,0,Bug
2.6.10,[PATCH] unreachable code in ext3_direct_IO(),misc->code,0,0,0,Maintenance
2.6.10,[PATCH] xattr consolidation v3 - ext3,misc->code,0,0,0,Maintenance
2.6.10,[PATCH] ext3 directio block leak fix,inode,1,1,1,Bug
2.6.10,[PATCH] ext3 block reservation patch set -- ext3 preallocation cleanup,misc->code,0,0,0,Maintenance
2.6.10,[PATCH] ext3 block reservations,"balloc,file,inode,ioctl,super",9,835,102,Feature
2.6.10,[PATCH] ext3 reservation: default to on,misc->code,0,0,0,Maintenance
2.6.10,[PATCH] ext3: online resizing,"balloc,inode,ioctl,resize,super",10,1153,42,Feature
2.6.10,[PATCH] ext3_bread() cleanup,misc->code,0,0,0,Maintenance
2.6.10,[PATCH] don't divide by 0 when trying to mount ext3,super,1,18,12,Bug
2.6.10,[PATCH] EXT3 compiler warning fix,misc->compile,0,0,0,Maintenance
2.6.10,"[PATCH] ""Bad"" naming of structures and functions in ext3 reservation code",misc->code,0,0,0,Maintenance
2.6.10,Revert recent ext3_dx_readdir changes,dir,1,5,8,Bug
2.6.10,[PATCH] reduce ext3 log spamming (blank lines),misc->code,0,0,0,Maintenance
2.6.10,[PATCH] fix ext2/ext3 memory leak,super,1,3,0,Bug
2.6.11,[PATCH] Fix of quota deadlock on pagelock: ext3,super,3,135,32,Bug
2.6.11,[PATCH] ext3: cleanup handling of aborted transactions.,super,1,9,4,Reliability
2.6.11,[PATCH] ext3: handle attempted delete of bitmap blocks.,inode,4,28,13,Reliability
2.6.11,[PATCH] ext3: support for EA in inode,xattr,6,625,38,Feature
2.6.11,[PATCH] Ext(23): apply umask to symlinks with ACLs configured out,misc->code,0,0,0,Maintenance
2.6.11,[PATCH] remove dead ext3_put_inode prototype,misc->code,0,0,0,Maintenance
2.6.11,[PATCH] ext3 htree telldir() fix,dir,1,6,2,Bug
2.6.11,[PATCH] sched: ext3: fix scheduling latencies in ext3,"balloc,inode,dir,super",7,38,8,Performance
2.6.11,[PATCH] ext3: use generic_open_file to fix possible preemption bugs,file,1,1,15,Bug
2.6.11,[PATCH] ext3 cleanups,misc->code,0,0,0,Maintenance
2.6.11,[PATCH] ext3/ea: revert old ea-in-inode patch,xattr,6,67,646,Feature
2.6.11,[PATCH] ext3/EA: mbcache cleanup,misc->code,0,0,0,Maintenance
2.6.11,[PATCH] ext3/EA: Race in ext(23) xattr sharing code,xattr,3,90,37,Bug
2.6.11,[PATCH] ext3/EA: Ext3: do not use journal_release_buffer,xattr,1,67,75,Bug
2.6.11,[PATCH] ext3/EA: Ext3: factor our common xattr code; unnecessary lock,misc->code,0,0,0,Maintenance
2.6.11,[PATCH] ext3/EA: Ext[23]: no spare xattr handler slots needed,misc->code,0,0,0,Maintenance
2.6.11,[PATCH] ext3/EA: Cleanup and prepare ext3 for in-inode xattrs,xattr,1,353,362,Feature
2.6.11,[PATCH] ext3/EA: Hide ext3_get_inode_loc in_mem option,misc->code,0,0,0,Maintenance
2.6.11,[PATCH] ext3/EA: In-inode extended attributes for ext3,xattr,6,448,174,Feature
2.6.11,[PATCH] Minor ext3 speedup,balloc,1,9,11,Performance
2.6.11,[PATCH] ext3: commit superblock before panicking,super,1,3,3,Bug
2.6.11,[PATCH] ext2/ext3: block allocator startup fix,balloc,1,1,1,Performance
2.6.11,[PATCH] ext3/ea: no lock needed when freeing inode,xattr,1,0,2,Performance
2.6.11,[PATCH] ext3/ea: set the EXT3_FEATURE_COMPAT_EXT_ATTR for in-inode xattrs,xattr,1,1,1,Bug
2.6.11,[PATCH] ext3/ea: documentation fix,misc->doc,0,0,0,Maintenance
2.6.11,[PATCH] ext3/ea: ix i_extra_isize check,xattr,1,4,6,Bug
2.6.11,[PATCH] ext3/ea: disallow in-inode attributes for reserved inodes,inode,1,24,9,Reliability
2.6.11,[PATCH] ext3: fix ea-in-inode default ACL creation,xattr,1,7,0,Bug
2.6.11,[PATCH] ext2/ext3 ACLs: remove the number of acl entries limit,misc->code,0,0,0,Maintenance
2.6.11,[PATCH] fix ext3 quota allocation bug on error path ...,xattr,1,6,2,Bug
2.6.12,[PATCH] Avoid console spam with ext3 aborted journal.,super,1,9,1,Reliability
2.6.12,[PATCH] revert ext3-writepages-support-for-writeback-mode,inode,3,1,60,Bug
2.6.12,[PATCH] ext3: remove unnecessary race then retry in ext3_get_block,misc->code,0,0,0,Maintenance
2.6.12,[PATCH] Fix acl Oops,xattr,1,2,0,Bug
2.6.13,[PATCH] ext3: drop quota references before releasing inode,inode,1,2,0,Bug
2.6.13,[PATCH] ext3: fix options parsing,super,2,74,10,Bug
2.6.13,[PATCH] ext3 xattr: Don't write to the in-inode xattr space of reserved inodes,inode,1,1,1,Reliability
2.6.13,[PATCH] ext3: reduce allocate-with-reservation lock latencies,"balloc,file",2,67,72,Performance
2.6.13,[PATCH] coverity: fs/ext3/super.c: match_int return check,super,1,2,1,Bug
2.6.13,[PATCH] quota: ext3: Improve quota credit estimates,"inode,dir,super,xattr",7,60,36,Feature
2.6.13,[PATCH] Support for dx directories in ext3_get_parent (NFSD),dir,1,10,2,Bug
2.6.14,[PATCH] Fix ext3_new_inode() failure paths,inode,1,14,15,Bug
2.6.14,[PATCH] ext3: EXT3_DEBUG build fixes,misc->compile,2,6,6,Maintenance
2.6.14,[PATCH] ext3: ext3_show_options fix,super,1,5,6,Bug
2.6.14,[PATCH] ext3: Enable atomic inode security labeling,"inode,xattr",3,38,0,Feature
2.6.14,[PATCH] disk quotas fail when /etc/mtab is symlinked to /proc/mounts,super,2,83,11,Feature
2.6.15,[PATCH] ext3: fix mount options documentation,misc->doc,1,13,13,Maintenance
2.6.15,[PATCH] ext3: Wrong return value for EXT3_IOC_GROUP_ADD,resize,1,1,0,Bug
2.6.15,[PATCH] ext3: journal handling on error path in ext3_journalled_writepage(),inode,1,3,1,Bug
2.6.15,"[PATCH] remove CONFIG_EXT{2,3}_CHECK",misc->code,7,2,260,Maintenance
2.6.15,[PATCH] Test for sb_getblk return value,"inode,resize",2,18,1,Bug
2.6.15,[PATCH] ext3: sparse fixes,misc->compile,8,29,6,Maintenance
2.6.15,[PATCH] Locking problems while EXT3FS_DEBUG on,"balloc,inode",3,3,6,Bug
2.6.15,[PATCH] Fix ext3 warning for unused var,misc->compile,1,16,10,Maintenance
2.6.16,[PATCH] ext3: fix nobh mode for chattr +j inodes,inode,1,8,9,Bug
2.6.16,[PATCH] ext3: ext3_symlink should use GFP_NOFS allocations inside,dir,3,15,3,Bug
2.6.16,[PATCH] Fix two ext\[23\] uninitialized warnings,misc->compile,2,2,2,Maintenance
2.6.16,[PATCH] ext3: remove d_splice_alias NULL check from ext3_lookup,misc->code,1,1,4,Maintenance
2.6.16,[PATCH] ext3: fix documentation of online resizing,misc->doc,1,2,2,Maintenance
2.6.16,[PATCH] fs/ext3/: small cleanups,misc->code,4,7,12,Maintenance
2.6.16,"[PATCH] Docs update: small spelling, formating etc fixes for filesystems/ext3.txt",misc->doc,1,90,88,Maintenance
2.6.16,[PATCH] remove ext3 xattr permission checks,misc->code,3,0,23,Maintenance
2.6.16,[PATCH] ext3: use sbi instead of EXT3_SB() in resize code.,misc->api,1,5,5,Maintenance
2.6.16,[PATCH] ext3: remove trailing newlines from ext3_warning() calls,misc->code,3,15,15,Maintenance
2.6.16,[PATCH] ext3: external journal device as a mount option,super,2,49,10,Feature
2.6.17,[PATCH] ext3 resize: fix double unlock_super(),resize,1,0,1,Bug
2.6.17,[PATCH] Update ext2/ext3/jbd MAINTAINERS entries,misc->doc,1,7,1,Maintenance
2.6.17,[PATCH] ext3: multile block allocate little endian fixes,inode,1,8,5,Bug
2.6.17,"[PATCH] protect ext3 ioctl modifying append_only, immutable, etc. with i_mutex",ioctl,1,14,4,Bug
2.6.17,[PATCH] forgotten ->b_data in memcpy() call in ext3/resize.c (oopsable),resize,1,1,1,Bug
2.6.17,[PATCH] ext3: Fix missed mutex unlock,resize,1,1,0,Bug
2.6.17,"[PATCH] ext3: ""nobh"" writeback support for filesystems blocksize < pagesize",super,1,0,6,Bug
2.6.17,[PATCH] ext3: multi-block get_block(),misc->api,1,4,12,Maintenance
2.6.17,[PATCH] ext3: cleanups and WARN_ON(),misc->code,1,114,125,Maintenance
2.6.17,[PATCH] ext3_get_blocks: Adjust reservation window size for mblocks,balloc,1,31,1,Feature
2.6.17,[PATCH] ext3_get_blocks: Adjust accounting info in ext3_new_blocks(),balloc,1,19,12,Feature
2.6.17,[PATCH] ext3_get_blocks: support multiple blocks allocation in ext3_new_block(),balloc,2,40,11,Feature
2.6.17,[PATCH] ext3_get_blocks: multiple block allocation,inode,1,193,77,Feature
2.6.17,[PATCH] ext3_get_blocks: Mapping multiple blocks at a once,"dir,inode",3,82,34,Feature
2.6.17,[PATCH] ext3: Fix debug logging-only compilation error,misc->compile,1,3,3,Maintenance
2.6.17,[PATCH] ext3: Properly report backup block present in a group,balloc,1,33,7,Bug
2.6.17,[PATCH] fast ext3_statfs,super,1,4,3,Performance
2.6.17,[PATCH] convert ext3's truncate_sem to a mutex,misc->api,5,16,15,Maintenance
2.6.17,[PATCH] ext3_readdir: use generic readahead,dir,4,32,32,Performance
2.6.18,[PATCH] ext3 sequential read regression fix,inode,1,1,1,Performance
2.6.18,[PATCH] knfsd: Make ext3 reject filehandles referring to invalid inode number,super,1,42,0,Reliability
2.6.18,[PATCH] ext3_getblk() should handle HOLE correctly,inode,1,7,4,Bug
2.6.18,[PATCH] ext3 filesystem bogus ENOSPC with reservation fix,balloc,1,3,3,Bug
2.6.18,[PATCH] ext3 -nobh option causes oops,inode,1,3,3,Bug
2.6.18,[PATCH] ext3: avoid triggering ext3_error on bad NFS file handle,"dir,inode",3,29,8,Reliability
2.6.18,[PATCH] Remove leftover ext3 acl declarations,misc->code,1,0,3,Maintenance
2.6.18,[PATCH] lockdep: annotate the quota code,super,1,1,1,Reliability
2.6.18,"[PATCH] ext3: Add ""-o bh"" option",super,2,13,1,Feature
2.6.18,[PATCH] ext3: cleanup dead code in ext3_add_entry(),misc->code,1,1,3,Maintenance
2.6.18,[PATCH] ext3_fsblk_t: the rest of in-kernel filesystem blocks conversion,misc->api,8,96,88,Maintenance
2.6.18,"[PATCH] ext3_fsblk_t: filesystem, group blocks and bug fixes","balloc,inode,resize,super,xattr",8,177,149,Feature
2.6.18,[PATCH] ext3: remove inconsistent space before exclamation point in mount code,misc->code,1,1,1,Maintenance
2.6.18,[PATCH] Avoid disk sector_t overflow for >2TB ext3 filesystem,"resize,super",2,20,0,Reliability
2.6.18,[PATCH] percpu counter data type changes to suppport more than 2**31 ext3 free blocks counter,misc->api,5,58,53,Maintenance
2.6.18,[PATCH] ext3_clear_inode(): avoid kfree(NULL),misc->code,1,12,11,Maintenance
2.6.18,Remove private struct dx_hash_info from public view in <linux/ext3_fs.h>,misc->code,1,2,1,Maintenance
2.6.18,Don't include private headers from user-visible part of linux/ext3_fs.h,misc->code,1,2,5,Maintenance
2.6.18,\[RBTREE\] Update ext3 to use rb_parent() accessor macro.,misc->api,1,1,1,Maintenance
2.6.19,[PATCH] ext3: errors behaviour fix,super,1,2,0,Bug
2.6.19,[PATCH] BLOCK: Move the Ext3 device ioctl compat stuff to the Ext3 driver (try #6),misc->code,5,66,28,Maintenance
2.6.19,[PATCH] ext3: make meta data reads use READ_META,misc->code,2,5,3,Maintenance
2.6.19,[PATCH] more ext3 16T overflow fixes,"balloc,resize",2,23,6,Reliability
2.6.19,[PATCH] ext3: Fix sparse warnings,misc->code,4,14,15,Maintenance
2.6.19,[PATCH] ext3: More whitespace cleanups,misc->code,14,48,48,Maintenance
2.6.19,[PATCH] ext3: wrong error behavior,super,1,6,5,Bug
2.6.19,[PATCH] ext3: more comments about block allocation/reservation code,misc->code,1,247,45,Maintenance
2.6.19,[PATCH] ext3: turn on reservation dump on block allocation errors,balloc,1,8,4,Reliability
2.6.19,[PATCH] ext3: inode numbers are unsigned long,"dir,inode,super,xattr",5,27,26,Bug
2.6.19,[PATCH] fix ext3 mounts at 16T,super,1,19,15,Bug
2.6.19,[PATCH] ext3 and jbd cleanup: remove whitespace,misc->code,17,307,307,Maintenance
2.6.20,"[PATCH] ext3: change uses of f_{dentry, vfsmnt} to use f_path",misc->api,4,8,8,Maintenance
2.6.20,[PATCH] ext3 balloc: fix _with_rsv freeze,balloc,1,1,1,Bug
2.6.20,[PATCH] ext3 balloc: use io_error label,misc->code,1,2,4,Maintenance
2.6.20,[PATCH] ext3 balloc: say rb_entry not list_entry,misc->api,1,3,3,Maintenance
2.6.20,[PATCH] ext3 balloc: fix off-by-one against rsv_end,balloc,1,1,1,Bug
2.6.20,[PATCH] ext3 balloc: fix off-by-one against grp_goal,balloc,1,2,2,Bug
2.6.20,[PATCH] ext3 balloc: reset windowsz when full,balloc,1,1,0,Bug
2.6.20,[PATCH] ext3/4: don't do orphan processing on readonly devices,super,1,6,0,Bug
2.6.20,[PATCH] ext3: fix reservation extension,balloc,1,8,4,Bug
2.6.20,[PATCH] retries in ext3_prepare_write() violate ordering requirements,inode,1,75,10,Bug
2.6.20,[PATCH] ext3: uninline large functions,misc->api,3,77,60,Maintenance
2.6.20,[PATCH] handle ext3 directory corruption better,dir,2,12,0,Reliability
2.6.20,[PATCH] Remove superfluous lock_super() in extN xattr code,xattr,1,1,4,Performance
2.6.20,[PATCH] ext3: fsid for statvfs,super,1,5,0,Bug
2.6.21,"[PATCH] revert ""retries in ext3_prepare_write() violate ordering requirements""",inode,1,10,75,Bug
2.6.21,"[PATCH] ""ext[34]: EA block reference count racing fix"" performance fix",xattr,1,2,1,Performance
2.6.21,[PATCH] ext[34]: EA block reference count racing fix,xattr,1,25,16,Bug
2.6.21,[PATCH] ext[234]: update documentation,misc->doc,1,1,1,Maintenance
2.6.21,[PATCH] remove ext[34]_inc_count and _dec_count,misc->api,1,3,18,Maintenance
2.6.21,[PATCH] return ENOENT from ext3_link when racing with unlink,dir,1,6,0,Reliability
2.6.21,[PATCH] fix umask when noACL kernel meets extN tuned for ACLs,super,1,4,0,Bug
2.6.21,[PATCH] ext3: refuse ro to rw remount of fs with orphan inodes,super,1,16,0,Bug
2.6.22,ext3: lost brelse in ext3_read_inode(),inode,1,3,1,Bug
2.6.22,ext3: use zero_user_page,misc->api,1,2,10,Maintenance
2.6.22,ext3: copy i_flags to inode flags on write,"inode,ioctl",3,32,0,Bug
2.6.22,ext3: dirindex error pointer issues,dir,2,30,22,Bug
2.6.22,ext2/3/4: fix file date underflow on ext2 3 filesystems on 64 bit systems,inode,1,3,3,Bug
2.6.23,ext34: ensure do_split leaves enough free space in both blocks,dir,1,35,4,Bug
2.6.23,dir_index: error out instead of BUG on corrupt dx dirs,dir,2,60,8,Reliability
2.6.23,quota: fix infinite loop,super,1,10,1,Bug
2.6.23,fix inode_table test in ext234_check_descriptors,super,1,1,1,Bug
2.6.23,readahead: convert ext3/ext4 invocations,dir,1,8,6,Performance
2.6.23,ext3: statfs speed up,super,2,17,10,Performance
2.6.23,ext3: fix error handling in ext3_create_journal(),misc->code,1,5,2,Maintenance
2.6.23,is_power_of_2: ext3/super.c,misc->api,1,2,1,Maintenance
2.6.23,ext3: remove extra IS_RDONLY() check,misc->code,1,1,1,Maintenance
2.6.23,ext3: fix deadlock in ext3_remount() and orphan list handling,super,1,8,0,Bug
2.6.23,ext3/ext4: orphan list corruption due bad inode,dir,1,10,0,Bug
2.6.23,ext3/ext4: orphan list check on destroy_inode,super,1,8,0,Reliability
2.6.24,"ext3, ext4: avoid divide by zero",super,1,1,1,Bug
2.6.24,Fix 64KB blocksize in ext3 directories,dir,3,70,52,Bug
2.6.24,Forbid user to change file flags on quota files,ioctl,1,5,0,Reliability
2.6.24,"Revert ""ext2/ext3/ext4: add block bitmap validation""",balloc,1,4,44,Performance
2.6.24,ext3: new export ops,misc->api,0,0,0,Maintenance
2.6.24,documentation/ext3: grammar fixes,misc->doc,0,0,0,Maintenance
2.6.24,JBD/ext3 cleanups: convert to kzalloc,misc->api,0,0,0,Maintenance
2.6.24,ext3: fix setup_new_group_blocks locking,resize,1,3,3,Bug
2.6.24,ext3: support large blocksize up to PAGESIZE,super,2,7,3,Feature
2.6.24,ext3: lighten up resize transaction requirements,resize,1,49,2,Reliability
2.6.24,ext3: remove #ifdef CONFIG_EXT3_INDEX,misc->code,0,0,0,Maintenance
2.6.24,Fix f_version type: should be u64 instead of unsigned long,dir,1,1,1,Bug
2.6.24,ext2/ext3/ext4: add block bitmap validation,balloc,1,42,13,Reliability
2.6.24,remove unused bh in calls to ext234_get_group_desc,misc->code,0,0,0,Maintenance
2.6.24,ext3: show all mount options,super,2,71,0,Feature
2.6.24,lib: percpu_counter_init error handling,super,1,15,6,Bug
2.6.24,lib: percpu_counter_sum_positive,misc->api,0,0,0,Maintenance
2.6.24,lib: percpu_counter_sub,super,1,1,1,Bug
2.6.24,lib: percpu_counter_add,misc->api,0,0,0,Maintenance
2.6.24,ext3: convert to new aops,misc->code,0,0,0,Maintenance
2.6.25,ext3: don't export ext3_fs.h and jbd.h,misc->code,0,0,0,Maintenance
2.6.25,ext3: fix wrong gfp type under transaction,"resize,xattr",3,8,8,Bug
2.6.25,ext3: fix mount option parsing,super,1,1,1,Bug
2.6.25,ext3: replace all adds to little endians variables with le*_add_cpu,misc->api,0,0,0,Maintenance
2.6.25,iget: stop EXT3 from using iget() and read_inode(),"inode,dir,resize,super",6,89,72,Reliability
2.6.25,ext3: fix lock inversion in direct IO,inode,1,52,54,Bug
2.6.25,ext3: remove unused code from ext3_find_entry(),misc->code,0,0,0,Maintenance
2.6.25,ext[234]: cleanup ext[234]_bg_num_gdb(),misc->api,0,0,0,Maintenance
2.6.25,ext[234]: remove unused argument for ext[234]_find_goal(),misc->api,0,0,0,Maintenance
2.6.25,ext[234]: use ext[234]_get_group_desc(),misc->code,0,0,0,Maintenance
2.6.25,ext[234]: fix comment for nonexistent variable,misc->code,0,0,0,Maintenance
2.6.25,ext3: change the default behaviour on error,super,1,8,8,Reliability
2.6.25,ext3: return after ext3_error in case of failures,balloc,1,6,2,Bug
2.6.25,ext3: add block bitmap validation,balloc,1,70,8,Reliability
2.6.25,ext3: Fix the max file size for ext3 file system.,super,1,28,4,Bug
2.6.26,ext3: add missing unlock to error path in ext3_quota_write(),super,1,3,1,Bug
2.6.26,ext3: fix online resize bug,resize,1,2,1,Bug
2.6.26,ext3/4: fix uninitialized bs in ext3/4_xattr_set_handle(),xattr,1,5,0,Bug
2.6.26,ext3: fix test ext_generic_write_end() copied return value,inode,1,8,6,Bug
2.6.26,ext3: replace remaining __FUNCTION__ occurrences,misc->code,0,0,0,Maintenance
2.6.26,ext3: fix mount messages when quota disabled,misc->code,0,0,0,Maintenance
2.6.26,ext3: retry block allocation if new blocks are allocated from system zone,balloc,1,10,5,Bug
2.6.26,ext3: fix hang on umount with quotas when journal is aborted,super,1,7,1,Bug
2.6.26,ext3: fix update of mtime and ctime on rename,dir,1,2,0,Bug
2.6.26,fs/ext3: use BUG_ON,misc->api,0,0,0,Maintenance
2.6.26,ext3: check ext3_journal_get_write_access() errors,dir,1,7,2,Bug
2.6.26,ext3: use ext3_get_group_desc(),misc->api,0,0,0,Maintenance
2.6.26,ext3: add missing ext3_journal_stop(),resize,1,1,0,Bug
2.6.26,ext3: use ext3_group_first_block_no(),misc->api,0,0,0,Maintenance
2.6.26,make ext3_xattr_list() static,misc->api,0,0,0,Maintenance
2.6.26,ext3: convert byte order of constant instead of variable,misc->code,0,0,0,Maintenance
2.6.26,ext3: fdatasync should skip metadata writeout when overwriting,file,1,3,0,Performance
2.6.26,quota: ext3: make ext3 handle quotaon on remount,misc->code,0,0,0,Maintenance
2.6.27,ext3: validate directory entry data before use,dir,1,12,10,Bug
2.6.27,ext3: kill 2 useless magic numbers,misc->code,0,0,0,Maintenance
2.6.27,ext3: handle deleting corrupted indirect blocks,inode,1,15,1,Bug
2.6.27,ext3: don't read inode block if the buffer has a write error,inode,1,10,0,Bug
2.6.27,ext3: handle corrupted orphan list at mount,inode,3,24,6,Bug
2.6.27,ext3: remove double definitions of xattr macros,misc->code,0,0,0,Maintenance
2.6.27,ext3: improve some code in rb tree part of dir.c,misc->code,0,0,0,Maintenance
2.6.27,ext3: correct mount option parsing to detect when quota options can be changed,super,1,22,7,Bug
2.6.27,ext3: fix typos in messages and comments (journalled -> journaled),misc->code,0,0,0,Maintenance
2.6.27,ext3: fix synchronization of quota files in journal=data mode,super,1,27,8,Bug
2.6.28,ext3: Clean up outdated and incorrect comment for ext3_write_super(),misc->code,1,2,5,Maintenance
2.6.28,ext3: wait on all pending commits in ext3_sync_fs,super,1,5,6,Bug
2.6.28,ext3: fix a bug accessing freed memory in ext3_abort,super,1,7,3,Bug
2.6.28,ext3: Fix duplicate entries returned from getdents() system call,dir,1,8,12,Bug
2.6.28,ext3 quota support: fix compile failure,misc->compile,1,1,1,Feature
2.6.28,ext3: add checks for errors from jbd,"ioctl,super",2,27,8,Bug
2.6.28,[PATCH] get rid of on-stack fake dentry in ext3_get_parent(),dir,1,33,37,Reliability
2.6.28,ext3: avoid printk floods in the face of directory corruption,dir,1,7,3,Reliability
2.6.28,ext3: truncate block allocated on a failed ext3_write_begin,inode,1,7,0,Bug
2.6.28,ext3: fix ext3_dx_readdir hash collision handling,dir,1,15,5,Bug
2.6.28,ext3: add an option to control error handling on file data,super,5,28,0,Feature
2.6.28,ext3: fix ext3 block reservation early ENOSPC issue,balloc,1,2,1,Bug
2.6.28,ext3: don't try to resize if there are no reserved gdt blocks left,resize,1,2,1,Reliability
2.6.29,trivial: fix bad links in the ext2 and ext3 documentation,misc->doc,0,0,0,Maintenance
2.6.29,"ext3: revert ""ext3: wait on all pending commits in ext3_sync_fs""",super,1,6,5,Performance
2.6.29,ext3: Add sanity check to make_indexed_dir,dir,1,14,6,Bug
2.6.29,generic swap(): ext3: remove local swap() macro,misc->api,0,0,0,Maintenance
2.6.29,ext3: tighten restrictions on inode flags,"inode,ioctl",3,20,8,Reliability
2.6.29,ext3: don't inherit inappropriate inode flags from parent,inode,2,8,1,Bug
2.6.29,ext3: allocate ->s_blockgroup_lock separately,super,2,11,3,Performance
2.6.29,ext3: Add default allocation routines for quota structures,misc->code,0,0,0,Maintenance
2.6.29,ext3: Use sb_any_quota_loaded() instead of sb_any_quota_enabled(),misc->api,0,0,0,Maintenance
2.6.29,ext3: provide function to release metadata pages under memory pressure,super,1,21,0,Reliability
2.6.29,nfsd race fixes: ext3,"inode,dir",2,19,2,Bug
2.6.29,ext3: ensure fast symlinks are NUL-terminated,inode,1,5,2,Reliability
2.6.29,ext3/4: Fix loop index in do_split() so it is signed,misc->compile,0,0,0,Maintenance
2.6.29,ext3: Add support for non-native signed/unsigned htree hash algorithms,"dir,super",5,114,11,Feature
2.6.30,ext3: Try to avoid starting a transaction in writepage for data=writepage,inode,1,18,5,Performance
2.6.30,ext3: make default data ordering mode configurable,misc->code,0,0,0,Maintenance
2.6.30,ext3: Add replace-on-rename hueristics for data=writeback mode,dir,1,5,1,Reliability
2.6.30,ext3: Add replace-on-truncate hueristics for data=writeback mode,"file,inode",3,8,0,Reliability
2.6.30,ext3: avoid false EIO errors,inode,1,74,65,Bug
2.6.30,ext3: return -EIO not -ESTALE on directory traversal through deleted inode,dir,1,10,2,Bug
2.6.30,ext3: use unsigned instead of int for type of blocksize in fs/ext3/namei.c,misc->api,0,0,0,Maintenance
2.6.30,ext3: remove the BKL in ext3/ioctl.c,ioctl,4,24,44,Performance
2.6.30,trivial: document ext3 semantics of 'ro' option a bit better,misc->doc,0,0,0,Maintenance
2.6.30,ext3: Avoid starting a transaction in writepage when not necessary,inode,1,13,5,Performance
2.6.30,ext3: Use lowercase names of quota functions,misc->api,0,0,0,Maintenance
2.6.30,ext3: Remove unnecessary quota functions,misc->code,0,0,0,Maintenance
2.6.31,ext3: Improve error message that changing journaling mode on remount is not possible,super,1,27,13,Reliability
2.6.31,ext3: Update Kconfig description of EXT3_DEFAULTS_TO_ORDERED,misc->doc,0,0,0,Maintenance
2.6.31,ext3: Get rid of extenddisksize parameter of ext3_get_blocks_handle(),misc->api,0,0,0,Maintenance
2.6.31,ext3: Fix truncation of symlinks after failed write,inode,1,10,9,Bug
2.6.31,switch ext3 to inode->i_acl,misc->code,0,0,0,Maintenance
2.6.31,ext3: make sure inode is deleted from orphan list after truncate,inode,1,11,9,Bug
2.6.31,ext3: fix chain verification in ext3_get_blocks(),inode,1,1,1,Bug
2.6.31,ext3: avoid unnecessary spinlock in critical POSIX ACL path,xattr,1,8,5,Performance
2.6.31,ext3: remove ->write_super and stop maintaining ->s_dirt,misc->code,0,0,0,Maintenance
2.6.31,ext3: Fix memory leak in ext3_fill_super() in case of a failed mount,super,1,1,0,Bug
2.6.32,ext3: Wait for proper transaction commit on fsync,"file,inode,super",4,57,21,Bug
2.6.32,ext3: retry failed direct IO allocations,inode,1,4,0,Bug
2.6.32,ext3: Update documentation about ext3 quota mount options,misc->doc,0,0,0,Maintenance
2.6.32,ext3: Don't update superblock write time when filesystem is read-only,super,1,12,1,Bug
2.6.32,ext3: Flush disk caches on fsync when needed,file,1,11,1,Bug
2.6.32,ext3: Add locking to ext3_do_update_inode,inode,1,9,0,Bug
2.6.32,ext3: Fix possible deadlock between ext3_truncate() and ext3_get_blocks(),inode,1,15,4,Bug
2.6.32,ext3: Update MAINTAINERS for ext3 and JBD,misc->doc,0,0,0,Maintenance
2.6.32,ext3: Remove syncing logic from ext3_file_write,misc->code,0,0,0,Maintenance
2.6.32,ext[234]: move over to 'check_acl' permission model,misc->api,0,0,0,Maintenance
2.6.33,ext3: Replace lock/unlock_super() with an explicit lock for resizing,"resize,super",3,20,17,Performance
2.6.33,ext3: Replace lock/unlock_super() with an explicit lock for the orphan list,"dir,super",3,13,9,Performance
2.6.33,ext3: ext3_mark_recovery_complete() doesn't need to use lock_super,super,1,0,8,Performance
2.6.33,ext3: Remove outdated comment about lock_super(),misc->code,0,0,0,Maintenance
2.6.33,ext3: quota macros cleanup (V2),misc->code,0,0,0,Maintenance
2.6.33,ext3: PTR_ERR return of wrong pointer in setup_new_group_blocks(),resize,1,1,1,Bug
2.6.33,ext3: Fix data / filesystem corruption when write fails to copy data,inode,1,14,4,Bug
2.6.33,ext3: Support for vfsv1 quota format,super,1,24,6,Feature
2.6.33,ext3: Unify log messages in ext3,misc->code,0,0,0,Maintenance
2.6.33,"ext3: make ""norecovery"" an alias for ""noload""",misc->code,0,0,0,Maintenance
2.6.33,ext3: Don't update the superblock in ext3_statfs(),super,1,0,2,Bug
2.6.33,ext3: journal all modifications in ext3_xattr_set_handle,xattr,1,4,3,Bug
2.6.34,ext3: symlink must be handled via filesystem specific operation,misc->api,0,0,0,Maintenance
2.6.34,ext3: fix broken handling of EXT3_STATE_NEW,inode,4,8,6,Bug
2.6.34,ext3: add writepage sanity checks,inode,1,7,0,Bug
2.6.34,ext3: Truncate allocated blocks if direct IO write fails to update i_size,inode,1,3,2,Bug
2.6.34,ext3: quota_write cross block boundary behaviour,super,1,34,35,Bug
2.6.34,ext3: trivial quota cleanup,misc->code,0,0,0,Maintenance
2.6.34,ext3: mount flags manipulation cleanup,misc->api,0,0,0,Maintenance
2.6.34,ext3: Use bitops to read/modify EXT3_I(inode)->i_state,"file,inode,xattr",5,44,27,Bug
2.6.34,fix ext3/ext4 comment typo compain -> complain,misc->code,0,0,0,Maintenance
2.6.35,ext3: update ctime when changing the file's permission by setfacl,xattr,1,1,0,Bug
2.6.35,ext3 uses rb_node = NULL; to zero rb_root.,misc->code,0,0,0,Maintenance
2.6.35,"ext3: replace inode uid,gid,mode init with helper",misc->api,0,0,0,Maintenance
2.6.35,ext3: constify xattr handlers,misc->api,0,0,0,Maintenance
2.6.35,ext3: make barrier options consistent with ext4,super,2,39,9,Feature
2.6.35,ext3: Fix waiting on transaction during fsync,file,2,10,12,Bug
2.6.35,ext3: init statistics after journal recovery v2,super,1,21,23,Bug
2.6.35,ext3: Avoid loading bitmaps for full groups during block allocation,balloc,1,6,0,Performance
2.6.36,convert ext3 to ->evict_inode(),misc->api,0,0,0,Maintenance
2.6.36,ext3: Fix dirtying of journalled buffers in data=journal mode,inode,1,17,1,Bug
2.6.36,ext3: default to ordered mode,misc->code,0,0,0,Maintenance
2.6.36,ext3: Avoid filesystem corruption after a crash under heavy delete load,inode,1,25,21,Bug
2.6.36,ext3: remove vestiges of nobh support,misc->code,0,0,0,Maintenance
2.6.36,ext3: Fix set but unused variables,misc->compile,0,0,0,Maintenance
2.6.37,ext3: Update kernel-doc comments,misc->doc,0,0,0,Maintenance
2.6.37,ext3: Fix debug messages in ext3_group_extend(),misc->code,0,0,0,Maintenance
2.6.37,ext3: Remove misplaced BUFFER_TRACE() in ext3_truncate(),misc->code,0,0,0,Maintenance
2.6.37,ext3: Use DIV_ROUND_UP() on group desc block counting,misc->api,0,0,0,Maintenance
2.6.37,ext3: Return proper error code on ext3_fill_super(),super,1,2,0,Bug
2.6.37,ext3: Remove unnecessary casts on bh->b_data,misc->code,0,0,0,Maintenance
2.6.37,ext3: Cleanup ext3_setup_super(),misc->code,0,0,0,Maintenance
2.6.37,ext3/jbd: Avoid WARN() messages when failing to write the superblock,super,1,23,1,Bug
2.6.37,ext3: Fix lost extented attributes for inode with ino == 11,inode,1,8,3,Bug
2.6.37,BKL: Remove BKL from ext3_put_super() and ext3_remount(),super,1,0,9,Performance
2.6.37,BKL: Remove BKL from ext3 fill_super(),super,1,1,12,Performance
2.6.37,BKL: Explicitly add BKL around get_sb/fill_super,misc->code,0,0,0,Maintenance
2.6.37,ext3/ext4: Factor out disk addressability check,misc->api,0,0,0,Maintenance
2.6.38,ext3: Remove redundant unlikely(),misc->code,0,0,0,Maintenance
2.6.38,ext3: speed up file creates by optimizing rec_len functions,dir,2,17,7,Performance
2.6.38,ext3: Add more journal error check,"dir,inode",2,7,3,Bug
2.6.38,ext3: Add journal error check in resize.c,resize,1,51,14,Bug
2.6.38,ext3: Add FITRIM handling,ioctl,1,22,0,Feature
2.6.38,ext3: Add batched discard support for ext3,balloc,2,267,0,Feature
2.6.38,"ext2,ext3,ext4: clarify comment for extN_xattr_set_handle",misc->code,0,0,0,Maintenance
2.6.38,"ext2,3,4: provide simple rcu-walk ACL implementation",xattr,1,5,2,Reliability
2.6.38,ext3: Add journal error check into ext3_rename(),dir,1,15,4,Bug
2.6.38,ext3: Use search_dirblock() in ext3_dx_find_entry(),misc->api,0,0,0,Maintenance
2.6.38,ext3: Avoid uninitialized memory references with a corrupted htree directory,dir,1,15,15,Bug
2.6.38,ext3: Return error code from generic_check_addressable,super,1,4,2,Bug
2.6.38,ext3: Add journal error check into ext3_delete_entry(),dir,1,12,2,Bug
2.6.38,ext3: Add error check in ext3_mkdir(),dir,1,22,14,Bug
2.6.38,fs/ext3/super.c: Use printf extension %pV,misc->api,0,0,0,Maintenance
2.6.38,ext3: don't update sb journal_devnum when RO dev,super,1,1,1,Bug
2.6.39,ext3: Fix writepage credits computation for ordered mode,inode,1,1,1,Bug
2.6.39,ext3: use little-endian bitops,misc->api,0,0,0,Maintenance
2.6.39,ext3: Copy fs UUID to superblock.,misc->code,0,0,0,Maintenance
2.6.39,fs: Remove i_nlink check from file system link callback,misc->code,0,0,0,Maintenance
2.6.39,ext3: Always set dx_node's fake_dirent explicitly.,dir,1,1,1,Reliability
2.6.39,ext3: Fix an overflow in ext3_trim_fs.,balloc,1,8,3,Bug
2.6.39,ext3: skip orphan cleanup on rocompat fs,super,1,7,0,Bug
2.6.39,ext3: speed up group trim with the right free block count.,balloc,1,2,1,Performance
2.6.39,ext3: Adjust trim start with first_data_block.,misc->code,0,0,0,Maintenance
2.6.1,[PATCH] JBD: b_committed_data locking fix,journal->commit,1,8,2,Bug
2.6.1,[PATCH] ext3 scheduling latency fix,journal->commit,1,11,2,Performance
2.6.2,[PATCH] jbd: start_this_handle() return value fix,journal->transaction,1,2,2,Bug
2.6.5,[PATCH] JBD: avoid panic on corrupted journal superblock,journal->recovery,1,4,1,Reliability
2.6.6,[PATCH] jbd: fix ordered-data writeout logic,journal->commit,1,1,2,Bug
2.6.6,[PATCH] JBD: ordered-data commit cleanup,"journal->commit,journal->transaction",3,95,70,Performance
2.6.6,[PATCH] jbd: fix I/O error handling,journal->commit,1,6,4,Bug
2.6.6,[PATCH] jbd: do_get_write_access lock contention reduction,journal->transaction,1,29,29,Performance
2.6.6,[PATCH] jbd: b_transaction zeroing cleanup,"journal->commit,journal->transaction",2,6,21,Bug
2.6.6,[PATCH] JBD: BH_Revoke cleanup,misc->code,0,0,0,Maintenance
2.6.6,[PATCH] jbd copyout fix,journal->journal,1,6,7,Bug
2.6.6,[PATCH] jbd: journal_dirty_metadata locking speedup,journal->transaction,1,3,10,Performance
2.6.6,[PATCH] ext3 avoid writing kernel memory to disk,journal->journal,1,1,0,Bug
2.6.6,[PATCH] Fix ext3 transaction batching,journal->transaction,1,2,2,Performance
2.6.7,[PATCH] jbd: descriptor buffer state fix,"journal->commit,journal->journal,journal->revoke",3,15,7,Bug
2.6.8,[PATCH] jbd needs to wait for locked buffers,journal->commit,1,1,1,Bug
2.6.8,[PATCH] jbd: journal_head unmapping race fix,journal->transaction,1,8,7,Bug
2.6.9,[PATCH] jbd endianness annotations,"journal->commit,journal->journal,journal->recovery,journal->revoke",5,75,75,Reliability
2.6.10,[PATCH] jbd wakeup fix,"journal->commit,journal->transaction",5,8,14,Bug
2.6.10,[PATCH] remove journal callback code from jbd,misc->code,0,0,0,Maintenance
2.6.10,[PATCH] ext3 umount hang,journal->journal,1,6,4,Bug
2.6.11,[PATCH] BUG on error handlings in Ext3 under I/O failure condition,journal->commit,4,19,9,Bug
2.6.11,[PATCH] ext3: handle attempted double-delete of metadata.,journal->revoke,1,6,1,Reliability
2.6.12,[PATCH] jbd dirty buffer leak fix,journal->transaction,1,11,2,Bug
2.6.12,[PATCH] ext3: fix list scanning in __cleanup_transaction,journal->checkpoint,1,1,1,Bug
2.6.12,[PATCH] ext3: fix log_do_checkpoint() assertion failure,journal->checkpoint,1,3,1,Bug
2.6.14,[PATCH] Fix race in do_get_write_access(),journal->transaction,1,21,18,Bug
2.6.14,[PATCH] Change ll_rw_block() calls in JBD,"journal->checkpoint,journal->commit,journal->journal,journal->revoke",4,5,5,Bug
2.6.14,[PATCH] Fix JBD race in t_forget list handling,journal->commit,1,24,10,Bug
2.6.14,[PATCH] kjournald: missing JFS_UNMOUNT check,journal->journal,1,2,0,Bug
2.6.14,[PATCH] fs/jbd/: cleanups,misc->code,0,0,0,Maintenance
2.6.15,[PATCH] jbd doc: fix some kernel-doc warnings,misc->doc,0,0,0,Maintenance
2.6.16,[PATCH] jbd: revert checkpoint list changes,journal->checkpoint,3,179,250,Bug
2.6.16,[PATCH] jbd: fix transaction batching,journal->transaction,2,13,1,Performance
2.6.16,[PATCH] jbd: remove_transaction fix,journal->commit,1,2,1,Bug
2.6.16,[PATCH] jbd: log_do_checkpoint fix,journal->checkpoint,1,1,1,Bug
2.6.16,[PATCH] jbd: split checkpoint lists,journal->checkpoint,2,248,178,Performance
2.6.17,[PATCH] Update ext2/ext3/jbd MAINTAINERS entries,misc->doc,0,0,0,Maintenance
2.6.17,[PATCH] jbd: convert kjournald to kthread API,misc->code,0,0,0,Maintenance
2.6.17,[PATCH] jbd: embed j_commit_timer in journal struct,misc->code,0,0,0,Maintenance
2.6.17,"[PATCH] sem2mutex: jbd, j_checkpoint_mutex",misc->api,0,0,0,Maintenance
2.6.18,[PATCH] manage-jbd-its-own-slab fix,journal->transaction,1,1,1,Bug
2.6.18,[PATCH] Manage jbd allocations from its own slabs,"journal->commit,journal->journal,journal->transaction",4,97,13,Bug
2.6.18,[PATCH] ext3: fix memory leak when the journal file is corrupted,journal->recovery,1,1,0,Bug
2.6.18,[PATCH] JBD: split checkpoint lists,journal->checkpoint,2,246,181,Performance
2.6.18,[PATCH] jbd: avoid kfree(NULL),misc->code,0,0,0,Maintenance
2.6.18,[PATCH] jbd: fix BUG in journal_commit_transaction(),"journal->commit,journal->transaction",2,18,6,Bug
2.6.19,[PATCH] jbd: journal_dirty_data re-check for unmapped buffers,journal->transaction,1,14,1,Bug
2.6.19,[PATCH] ext3/4: fix J_ASSERT(transaction->t_updates > 0) in journal_stop(),journal->transaction,1,3,2,Bug
2.6.19,[PATCH] null dereference in fs/jbd/journal.c,journal->journal,1,2,1,Bug
2.6.19,"[PATCH] JBD: memory leak in ""journal_init_dev()""",journal->journal,1,10,11,Bug
2.6.19,[PATCH] JBD: Make journal_brelse_array() static,misc->api,0,0,0,Maintenance
2.6.19,[PATCH] JBD: 16T fixes,journal,2,5,5,Bug
2.6.19,[PATCH] jbd: use BUILD_BUG_ON in journal init,misc->api,0,0,0,Maintenance
2.6.19,[PATCH] jbd: add lock annotation to jbd_sync_bh,journal->checkpoint,1,1,0,Reliability
2.6.19,[PATCH] jbd: fix commit of ordered data buffers,journal->commit,1,113,69,Bug
2.6.20,[PATCH] jbd: wait for already submitted t_sync_datalist buffer to complete,journal->commit,1,6,2,Bug
2.6.20,[PATCH] user of the jiffies rounding code: JBD,misc->api,0,0,0,Maintenance
2.6.20,[PATCH] make fs/jbd/transaction.c:__journal_temp_unlink_buffer() static,misc->api,0,0,0,Maintenance
2.6.21,[PATCH] jbd layer function called instead of fs specific one,misc->api,0,0,0,Maintenance
2.6.22,jbd: check for error returned by kthread_create on creating journal thread,journal,2,18,8,Bug
2.6.23,is_power_of_2(): jbd,misc->api,0,0,0,Maintenance
2.6.23,jbd commit: fix transaction dropping,journal->commit,1,2,1,Bug
2.6.24,jbd: do not try lock_acquire after handle made invalid,journal->transaction,1,2,0,Bug
2.6.24,jbd: Fix assertion failure in fs/jbd/checkpoint.c,journal->checkpoint,3,12,10,Bug
2.6.24,JBD: Fix JBD warnings when compiling with CONFIG_JBD_DEBUG,misc->compile,0,0,0,Maintenance
2.6.24,jbd: fix commit code to properly abort journal,journal->commit,1,4,4,Bug
2.6.24,jbd: config_jbd_debug cannot create /proc entry,misc->code,0,0,0,Maintenance
2.6.24,jbd: remove printk() from J_ASSERT macros,misc->code,0,0,0,Maintenance
2.6.24,JBD: replace jbd_kmalloc with kmalloc directly,misc->api,0,0,0,Maintenance
2.6.24,JBD: JBD slab allocation cleanups,misc->api,0,0,0,Maintenance
2.6.24,lockdep: annotate journal_start(),journal->transaction,2,14,0,Reliability
2.6.25,jbd/jbd2 NULL noise,misc->code,0,0,0,Maintenance
2.6.25,jbd: correctly unescape journal data blocks,journal->recovery,1,1,1,Bug
2.6.25,jbd: fix jbd kernel-doc notation,misc->doc,0,0,0,Maintenance
2.6.25,jbd.h: hide kernel only code,misc->code,0,0,0,Maintenance
2.6.25,make jbd/journal.c:__journal_abort_hard() static,misc->api,0,0,0,Maintenance
2.6.25,[PATCH] jbd: Remove useless loop when writing commit record,misc->code,0,0,0,Maintenance
2.6.25,ext3 can fail badly when device stops accepting BIO_RW_BARRIER requests,journal->commit,1,2,1,Bug
2.6.25,make jbd/journal.c:__journal_abort_hard() static,misc->api,0,0,0,Maintenance
2.6.25,BKL-removal: remove incorrect comment refering to lock_kernel() from jbd/jbd2,misc->code,0,0,0,Maintenance
2.6.26,jbd: need to hold j_state_lock to updates to transaction t_state to T_COMMIT,journal->commit,1,2,0,Bug
2.6.26,jbd: replace remaining __FUNCTION__ occurrences,misc->api,0,0,0,Maintenance
2.6.26,jbd: fix possible journal overflow issues,journal->transaction,2,21,3,Bug
2.6.26,jbd: fix the way the b_modified flag is cleared,"journal->commit,journal->transaction",2,13,16,Bug
2.6.27,jbd: don't abort if flushing file data failed,journal->commit,1,28,7,Reliability
2.6.27,jbd: positively dispose the unmapped data buffers in journal_commit_transaction(),journal->commit,1,20,9,Bug
2.6.27,jbd: unexport journal_update_superblock,misc->code,0,0,0,Maintenance
2.6.27,jbd: fix race between free buffer and commit transaction,journal->transaction,2,56,4,Bug
2.6.27,jbd: tidy up revoke cache initialisation and destruction,misc->code,0,0,0,Maintenance
2.6.27,jbd: eliminate duplicated code in revocation table init/destroy functions,misc->code,0,0,0,Maintenance
2.6.27,jbd: replace potentially false assertion with if block,journal->journal,1,4,3,Bug
2.6.28,jbd: don't give up looking for space so easily in __log_wait_for_space,journal->checkpoint,1,24,7,Bug
2.6.28,fs: remove excess kernel-doc,misc->doc,0,0,0,Maintenance
2.6.28,jbd: abort instead of waiting for nonexistent transactions,journal->checkpoint,1,17,2,Bug
2.6.28,jbd: test BH_Write_EIO to detect errors on metadata buffers,misc->code,0,0,0,Maintenance
2.6.28,jbd: fix error handling for checkpoint io,"journal->checkpoint,journal->journal,journal->recovery",4,65,21,Bug
2.6.28,jbd: ordered data integrity fix,journal->transaction,1,13,3,Bug
2.6.28,jbd: don't dirty original metadata buffer on abort,journal->commit,1,4,1,Bug
2.6.28,jbd: abort when failed to log metadata buffers,journal->commit,1,3,0,Bug
2.6.29,jbd: fix return value of journal_start_commit(),journal->journal,1,11,6,Bug
2.6.29,jbd: fix missing kernel-doc,misc->doc,0,0,0,Maintenance
2.6.29,jbd: remove excess kernel-doc notation,misc->doc,0,0,0,Maintenance
2.6.29,jbd: improve fsync batching,"journal->commit,journal->transaction",3,63,5,Performance
2.6.30,jbd: fix race in buffer processing in commit code,journal->commit,1,4,2,Bug
2.6.30,jbd: use SWRITE_SYNC_PLUG when writing synchronous revoke records,journal->revoke,3,14,11,Performance
2.6.30,jbd: update locking coments,misc->code,0,0,0,Maintenance
2.6.30,jbd: use WRITE_SYNC_PLUG instead of WRITE_SYNC,journal->commit,1,6,1,Performance
2.6.30,jbd: fix oops in jbd_journal_init_inode() on corrupted fs,journal->journal,1,24,10,Bug
2.6.30,ext3: Use WRITE_SYNC for commits which are caused by fsync(),"journal->commit,journal->transaction",3,22,8,Bug
2.6.31,jbd: fix race between write_metadata_buffer and get_write_access,journal->journal,1,11,9,Bug
2.6.31,jbd: Fix a race between checkpointing code and journal_get_write_access(),journal->transaction,1,35,33,Bug
2.6.31,jbd: Fail to load a journal if it is too short,journal->journal,1,6,0,Reliability
2.6.31,jbd: clean up journal_try_to_free_buffers(),misc->code,1,0,48,Maintenance
2.6.32,fs/jbd: Export log_start_commit to fix ext3 build.,misc->compile,0,0,0,Maintenance
2.6.32,JBD/JBD2: free j_wbuf if journal init fails.,journal->journal,1,2,0,Bug
2.6.32,jbd.h: bitfields should be unsigned,misc->compile,0,0,0,Maintenance
2.6.32,jbd: Annotate transaction start also for journal_restart(),journal->transaction,1,3,3,Reliability
2.6.32,jbd: Journal block numbers can ever be only 32-bit use unsigned int for them,misc->api,0,0,0,Maintenance
2.6.32,JBD: round commit timer up to avoid uncommitted transaction,journal->transaction,1,2,1,Bug
2.6.33,jbd: jbd-debug and jbd2-debug should be writable,misc->code,0,0,0,Maintenance
2.6.34,jbd: Delay discarding buffers in journal_unmap_buffer,"journal->commit,journal->transaction",2,36,17,Bug
2.6.34,jbd[2]: remove references to BUFFER_DEBUG,misc->code,0,0,0,Maintenance
2.6.35,jbd: Provide function to check whether transaction will issue data barrier,misc->code,0,0,0,Maintenance
2.6.37,jbd/2: fixed typos,misc->code,0,0,0,Maintenance
2.6.37,jbd: Convert atomic_inc() to get_bh(),misc->api,0,0,0,Maintenance
2.6.37,jbd: Fix debug message in do_get_write_access(),misc->code,0,0,0,Maintenance
2.6.37,jbd: Check return value of __getblk(),journal->journal,1,2,0,Bug
2.6.37,jbd: Convert bitops to buffer fns,misc->api,0,0,0,Maintenance
2.6.37,ext3/jbd: Avoid WARN() messages when failing to write the superblock,journal->journal,1,28,2,Reliability
2.6.37,jbd: Use offset_in_page() instead of manual calculation,misc->api,0,0,0,Maintenance
2.6.37,jbd: Remove unnecessary goto statement,misc->code,0,0,0,Maintenance
2.6.37,jbd: Use printk_ratelimited() in journal_alloc_journal_head(),misc->api,0,0,0,Maintenance
2.6.37,jbd: Move debug message into #ifdef area,misc->code,0,0,0,Maintenance
2.6.37,jbd: replace barriers with explicit flush / FUA usage,misc->code,0,0,0,Maintenance
2.6.39,jbd: finish conversion from WRITE_SYNC_PLUG to WRITE_SYNC and explicit plugging,misc->code,0,0,0,Maintenance
2.6.39,jbd: Remove one to many n's in a word.,misc->code,0,0,0,Maintenance
